<?xml version="1.0" encoding="utf-8" standalone="no"?>
<!-- This is a SCORM 1.2 manifest file, created 6/22/2018 4:44:27 PM by Пользователь using CourseLab 180608 -->
<manifest xmlns="http://www.imsproject.org/xsd/imscp_rootv1p1p2" xmlns:adlcp="http://www.adlnet.org/xsd/adlcp_rootv1p2" xmlns:xsi="http://www.w3.org/2001/XMLSchema-instance" xsi:schemaLocation=" http://www.imsproject.org/xsd/imscp_rootv1p1p2 imscp_rootv1p1p2.xsd http://www.adlnet.org/xsd/adlcp_rootv1p2 adlcp_rootv1p2.xsd" identifier="MANIFEST-C93239FC_6C4C_4FA3_AA38_04B56825C94C" version="1.0">
<metadata>
<schema>ADL SCORM</schema>
<schemaversion>1.2</schemaversion>
</metadata>
<organizations default="xAPI">
<organization identifier="xAPI">
<title>Введение в xAPI</title>
<item identifier="xAPImodule" identifierref="RES1" parameters="?width=1000&amp;height=680">
<title>xAPImodule</title>
</item>
</organization>
</organizations>
<resources>
<resource identifier="RESCOURSEIMAGES" adlcp:scormtype="asset" type="webcontent">
<file href="courseimages/1blank.gif"/>
<file href="courseimages/cl-fonts.css"/>
<file href="courseimages/cl.js"/>
<file href="courseimages/click1.mp3"/>
<file href="courseimages/click1.ogg"/>
<file href="courseimages/click1.swf"/>
<file href="courseimages/click2.mp3"/>
<file href="courseimages/click2.ogg"/>
<file href="courseimages/click2.swf"/>
<file href="courseimages/click3.mp3"/>
<file href="courseimages/click3.ogg"/>
<file href="courseimages/click3.swf"/>
<file href="courseimages/click4.mp3"/>
<file href="courseimages/click4.ogg"/>
<file href="courseimages/click4.swf"/>
<file href="courseimages/courselab.css"/>
<file href="courseimages/courselab.js"/>
<file href="courseimages/cursor_arrow.png"/>
<file href="courseimages/cursor_click.png"/>
<file href="courseimages/dummy.swf"/>
<file href="courseimages/failure1.mp3"/>
<file href="courseimages/failure1.ogg"/>
<file href="courseimages/failure1.swf"/>
<file href="courseimages/failure2.mp3"/>
<file href="courseimages/failure2.ogg"/>
<file href="courseimages/failure2.swf"/>
<file href="courseimages/failure3.mp3"/>
<file href="courseimages/failure3.ogg"/>
<file href="courseimages/failure3.swf"/>
<file href="courseimages/failure4.mp3"/>
<file href="courseimages/failure4.ogg"/>
<file href="courseimages/failure4.swf"/>
<file href="courseimages/jquery-ui.js"/>
<file href="courseimages/jquery.addons.js"/>
<file href="courseimages/jquery.js"/>
<file href="courseimages/legacy.js"/>
<file href="courseimages/lms.js"/>
<file href="courseimages/over1.mp3"/>
<file href="courseimages/over1.ogg"/>
<file href="courseimages/over1.swf"/>
<file href="courseimages/over2.mp3"/>
<file href="courseimages/over2.ogg"/>
<file href="courseimages/over2.swf"/>
<file href="courseimages/over3.mp3"/>
<file href="courseimages/over3.ogg"/>
<file href="courseimages/over3.swf"/>
<file href="courseimages/over4.mp3"/>
<file href="courseimages/over4.ogg"/>
<file href="courseimages/over4.swf"/>
<file href="courseimages/progress.gif"/>
<file href="courseimages/success1.mp3"/>
<file href="courseimages/success1.ogg"/>
<file href="courseimages/success1.swf"/>
<file href="courseimages/success2.mp3"/>
<file href="courseimages/success2.ogg"/>
<file href="courseimages/success2.swf"/>
<file href="courseimages/success3.mp3"/>
<file href="courseimages/success3.ogg"/>
<file href="courseimages/success3.swf"/>
<file href="courseimages/success4.mp3"/>
<file href="courseimages/success4.ogg"/>
<file href="courseimages/success4.swf"/>
<file href="courseimages/webfonts/Roboto/roboto_regular/Roboto-Regular-webfont.eot"/>
<file href="courseimages/webfonts/Roboto/roboto_regular/Roboto-Regular-webfont.svg"/>
<file href="courseimages/webfonts/Roboto/roboto_regular/Roboto-Regular-webfont.ttf"/>
<file href="courseimages/webfonts/Roboto/roboto_regular/Roboto-Regular-webfont.woff"/>
<file href="courseimages/webfonts/Roboto_Font_Family_Apache_License.txt"/>
</resource>
<resource identifier="RES1" adlcp:scormtype="sco" href="1/start.html" type="webcontent">
<file href="1/module.js"/>
<file href="1/start.html"/>
<file href="1/splash.xml"/>
<file href="1/runtime.xml"/>
<file href="1/images/baltic_0001_000.jpg"/>
<file href="1/images/baltic_0001_001.png"/>
<file href="1/images/baltic_0001_007_01.png"/>
<file href="1/images/baltic_0001_007_02.png"/>
<file href="1/images/baltic_0001_007_03.png"/>
<file href="1/images/baltic_0001_008.png"/>
<file href="1/images/baltic_0001_09_0.png"/>
<file href="1/images/baltic_0001_09_1.png"/>
<file href="1/images/baltic_0001_10_0.png"/>
<file href="1/images/baltic_0001_10_1.png"/>
<file href="1/images/baltic_0001_11_0.png"/>
<file href="1/images/baltic_0001_11_1.png"/>
<file href="1/images/baltic_0001_12_0.png"/>
<file href="1/images/baltic_0001_12_1.png"/>
<file href="1/images/baltic_0001_12_2.png"/>
<file href="1/images/baltic_0001_12_3.png"/>
<file href="1/images/baltic_0001_13_0.png"/>
<file href="1/images/baltic_0001_13_1.png"/>
<file href="1/images/baltic_0001_bg_0.png"/>
<file href="1/images/baltic_0001_bg_1.png"/>
<file href="1/images/course.css"/>
<file href="1/images/nav_0002_navi_win/navi_tab_contents_sprite.png"/>
<dependency identifierref="RESCOURSEIMAGES"/>
</resource>
</resources>
</manifest>