<?xml version="1.0" encoding="utf-8"?>
<!-- Splash screen file, saved 6/22/2018 4:26:49 PM using CourseLab 180608 -->
<splash>
<settings>
<showsplash>yes</showsplash>
<fitwindow>no</fitwindow>
<fit_small_window>yes</fit_small_window>
</settings>
<data>
<![CDATA[<img src="images/baltic_0001_000.jpg" style="position:absolute;left:0px;top:0px;width:1000px;height:680px;"/><div style="position: absolute; left: 379px; top: 545px; width: 275px; height: 62px;"><div style="position: absolute; width: 275px; height: 62px; -webkit-touch-callout: none; -webkit-user-select: none; -khtml-user-select: none; -moz-user-select: none; -ms-user-select: none; user-select: none;" title="НАЧАТЬ" ><div id="BLT1_TTL_BTN_BTN" style="cursor: pointer; position: relative; left: 0; top: 0; box-sizing: border-box; width: 275px; height: 62px; border-style: solid; border-width: 1px; border-color: #333333; -o-border-radius: 5px; -ms-border-radius: 5px; -moz-border-radius: 5px; -webkit-border-radius: 5px; border-radius: 5px;-o-box-shadow: 3px 3px 6px rgba(51,51,51,0.9);-ms-box-shadow: 3px 3px 6px rgba(51,51,51,0.9);-moz-box-shadow: 3px 3px 6px rgba(51,51,51,0.9); -webkit-box-shadow: 3px 3px 6px rgba(51,51,51,0.9); box-shadow: 3px 3px 6px rgba(51,51,51,0.9);border-color: #333333; background-color: #333333;background-image: -o-linear-gradient(90deg, #333333 0%, #666666 100%); background-image: -ms-linear-gradient(90deg, #333333 0%, #666666 100%); background-image: -moz-linear-gradient(90deg, #333333 0%, #666666 100%); background-image: -webkit-linear-gradient(90deg, #333333 0%, #666666 100%); background-image: linear-gradient(0deg, #333333 0%, #666666 100%);" onmouseover="this.setAttribute('style', this.getAttribute('data-style-over'));" onmouseout="this.setAttribute('style', this.getAttribute('data-style-idle'));" onclick="CL.Start(); return false;" data-style-idle="cursor: pointer; position: relative; left: 0; top: 0; box-sizing: border-box; width: 275px; height: 62px; border-style: solid; border-width: 1px; border-color: #333333; -o-border-radius: 5px; -ms-border-radius: 5px; -moz-border-radius: 5px; -webkit-border-radius: 5px; border-radius: 5px;-o-box-shadow: 3px 3px 6px rgba(51,51,51,0.9);-ms-box-shadow: 3px 3px 6px rgba(51,51,51,0.9);-moz-box-shadow: 3px 3px 6px rgba(51,51,51,0.9); -webkit-box-shadow: 3px 3px 6px rgba(51,51,51,0.9); box-shadow: 3px 3px 6px rgba(51,51,51,0.9);border-color: #333333; background-color: #333333;background-image: -o-linear-gradient(90deg, #333333 0%, #666666 100%); background-image: -ms-linear-gradient(90deg, #333333 0%, #666666 100%); background-image: -moz-linear-gradient(90deg, #333333 0%, #666666 100%); background-image: -webkit-linear-gradient(90deg, #333333 0%, #666666 100%); background-image: linear-gradient(0deg, #333333 0%, #666666 100%);" data-style-over="cursor: pointer; position: relative; left: 0; top: 0; box-sizing: border-box; width: 275px; height: 62px; border-style: solid; border-width: 1px; border-color: #333333; -o-border-radius: 5px; -ms-border-radius: 5px; -moz-border-radius: 5px; -webkit-border-radius: 5px; border-radius: 5px;-o-box-shadow: 3px 3px 6px rgba(51,51,51,0.9);-ms-box-shadow: 3px 3px 6px rgba(51,51,51,0.9);-moz-box-shadow: 3px 3px 6px rgba(51,51,51,0.9); -webkit-box-shadow: 3px 3px 6px rgba(51,51,51,0.9); box-shadow: 3px 3px 6px rgba(51,51,51,0.9);border-color: #333333; background-color: #333333;background-image: -o-linear-gradient(270deg, #333333 0%, #666666 100%); background-image: -ms-linear-gradient(270deg, #333333 0%, #666666 100%); background-image: -moz-linear-gradient(270deg, #333333 0%, #666666 100%); background-image: -webkit-linear-gradient(270deg, #333333 0%, #666666 100%); background-image: linear-gradient(180deg, #333333 0%, #666666 100%);"><div id="BLT1_TTL_BTN_BTN_BG" style="position: relative; padding: 0; margin: 0; width: 273px; height: 60px; "><table id="BLT1_TTL_BTN_BTN_TABLE" style="border-spacing: 0; width: 273px; height: 60px;"><tr><td id="BLT1_TTL_BTN_BTN_TABLE_CONTENT" style="text-align: center; vertical-align: middle; padding: 0; text-shadow: 1px 1px 2px rgba(51,51,51,0.66); width: 273px; height: 60px; font-family: robotoregular, Arial, Helvetica, sans-serif; font-size: 18px; color: #CCCCCC; font-weight: bold;">НАЧАТЬ</td></tr></table></div></div></div></div><div style="position: absolute; box-sizing: border-box; left: 161px; top: 326px; width: 697px; height: 209px;"><p style="text-align:center"><strong><span style="color:#E6E6FA;">Косолапов Павел</span></strong></p>

<p style="text-align:center"><strong><span style="color:#E6E6FA;">студент группы S4108</span></strong></p>

<p style="text-align:center">&nbsp;</p>

<p style="text-align:center"><font color="#eeeeee" face="robotoregular, arial, helvetica, sans-serif"><span style="font-size: 36px; line-height: 43.20000076293945px;"><b>Введение в xAPI</b></span></font></p>

<p style="text-align:center">&nbsp;</p>

<p style="text-align:center"><span style="font-size:14px;"><font color="#eeeeee" face="robotoregular, arial, helvetica, sans-serif"><span style="line-height: 43.20000076293945px;"><b>ИТМО&nbsp;2018</b></span></font></span></p></div>]]>
</data>
</splash>
